"Date","0.1","0.2","0.3","0.4","0.5","1","2","3","4","5","7","10","15","20","25","30"
"12/31/1985","5.2968155704569","5.7648468862007","5.9990580820327","6.0332240530722","6.0414671367585","7.4787168702741","7.851847229997","8.1594707443815","8.4353390389968","8.6234159972034","8.9347","9","9.4652","9.5","9.7107","9.27"
"1/31/1986","5.4004922052774","5.9189332436969","5.9886224786501","5.9792617580162","6.0526558434376","7.5768364695313","7.827984327535","8.215498500549","8.4625003889123","8.643589396266","9.0268","9.08","9.5591","9.48","9.76","9.34"
"2/28/1986","5.3750260435943","5.9723488316284","5.8762890976194","6.0269283306647","6.017642453507","7.3773293102955","7.5448977683537","7.7233323810672","7.8833625400615","8.0299855781787","8.1907","8.13","8.4619","8.34","8.6182","8.27"
"3/31/1986","5.2241317141157","5.3927448428282","5.3776086743736","5.3563864791188","5.4080216865678","6.7910511558486","6.82718271707","7.0842515010059","7.284834726446","7.3760828765897","7.502","7.39","7.6828","7.46","7.7668","7.44"
"4/30/1986","4.5445031505291","5.1028965142338","5.1094008303027","5.2286299167801","5.2675263313399","6.4968967622015","6.7017592335731","7.1362913753019","7.2679221674914","7.3987108594939","7.5389","7.38","7.7621","7.55","7.8903","7.47"
"6/30/1986","4.9015741980669","5.0693417286123","5.1016440803677","5.1401780083902","5.0828645535108","6.4184939935906","6.7734018033599","7.1183431727522","7.447484419158","7.5063895081784","7.6854","7.35","7.9198","7.3","8.0355","7.24"
"7/31/1986","3.9337500503459","4.9070544303017","4.9199072833487","4.9052127877209","4.9536224520042","6.1966106345295","6.4670054788859","7.0451125279637","7.1703644438624","7.3893380186017","7.6058","7.34","8.0423","7.42","8.2145","7.46"
"9/30/1986","4.2564809831605","4.444328272283","4.4299420128112","4.4908400025177","4.5956067081222","5.8232413336628","6.3233000551465","6.7220576604474","7.1251392204347","7.2793937813885","7.6048","7.45","8.1378","7.55","8.3426","7.6"
"10/31/1986","4.2728274064084","4.3633410015599","4.4117790626898","4.4553288888567","4.5102432692205","5.6505784130821","6.1533445258625","6.5206652387977","6.7824260221287","7.0527750674371","7.3569","7.34","7.9363","7.54","8.1466","7.61"
"12/31/1986","3.9001287420777","4.7084169190682","4.8080074533159","4.8014604879306","4.8035060532557","6.0604718209975","6.2961464300314","6.5048013872281","6.637679206717","6.9131177642918","7.2419","7.23","7.8197","7.39","8.0366","7.49"
"3/31/1987","4.3327986764565","4.5337969206842","4.7911781625333","4.8564608467971","4.9109325438104","6.1822512641567","6.4512564495392","6.699225296989","6.8535792228526","7.0573809030254","7.3891","7.51","7.8972","7.66","8.0815","7.81"
"4/30/1987","2.0877935222533","4.4536458903623","4.758618218807","4.9595582610993","5.0928544034988","6.8364308474528","7.2383847708874","7.5722819367534","7.7581149001125","7.8347808540562","8.1845","8.21","8.5456","8.33","8.6548","8.45"
"6/30/1987","4.103857750438","4.8138731253508","4.9461460221615","5.0185178854955","5.0907068811491","6.8229829802248","7.3478787879518","7.6332629929295","7.8255168456139","8.0068074636798","8.3275","8.38","8.6907","8.45","8.806","8.51"
"7/31/1987","4.6650431053201","5.0565116607812","5.203749553908","5.2591966961335","5.280793713819","6.9345349715418","7.4847249448347","7.8355315615096","7.9842223214256","8.1301826543785","8.5316","8.66","8.9588","8.78","9.0991","8.89"
"8/31/1987","4.7148925978684","5.2477507970624","5.3139437729689","5.4483406346483","5.395902467986","7.205127485007","7.8241494294516","8.1442214988925","8.2860672805032","8.4203012320597","8.8406","9","9.2294","9.09","9.3528","9.17"
"9/30/1987","5.3505035471941","5.5590071171774","5.7267431475852","5.8674577269649","5.231109111129","7.8818383118291","8.4403532863505","8.7672330466499","9.0123730594247","9.0954591796205","9.5","9.63","9.8499","9.71","9.9546","9.79"
"11/30/1987","3.3822873873575","4.0179477131419","4.7802976652994","5.0574708854951","5.1955662266844","6.8826005253252","7.5546004501514","7.9651498044386","8.2694318753811","8.4574504625793","8.8613","8.99","9.2308","9.05","9.3375","9.1"
"12/31/1987","3.280167564331","4.2994848194732","4.824834044685","5.1643912189144","5.2757786246126","7.2423681789663","7.6386483278018","7.8873794202121","8.1160625589912","8.303570005536","8.73078027553","8.83","9.080918730918","8.89","9.01887677778","8.95"
"2/29/1988","4.5512779571768","4.662239354978","4.7399022372357","4.9060152305323","5.0331922790595","6.6077265482986","7.0039466699689","7.2380814790512","7.4136291197708","7.5471507997257","7.9901659867","8.16","8.571421497252","8.28","8.47671279283","8.39"
"3/31/1988","4.264347274287","4.8287942182525","4.9022870036301","5.0894910521573","5.1712291692433","6.8490952767705","7.2779613223964","7.5517255910071","7.7834370571195","7.9721636890889","8.419367027803","8.57","8.923359783748","8.7","8.874271860286","8.82"
"5/31/1988","4.884213269809","5.4030084173665","5.6792723939897","5.7550698605527","5.8671927320117","7.6645991278666","8.0527906137216","8.272127811594","8.5198296714969","8.6500179032314","9.033358147841","9.2","9.460924826609","9.25","9.430903949638","9.3"
"6/30/1988","5.0700430068776","5.5702362659651","5.6177655612954","5.7458363808522","5.7558192874003","7.5091343522412","7.8652395476226","8.0357746743294","8.182012386808","8.3095474573477","8.685829067405","8.82","9.083312488726","8.85","9.05579886327","8.87"
"8/31/1988","6.1146880284464","6.2481357421833","6.1541526776006","6.3720493757529","6.4435969953925","8.2530318405676","8.5294266495493","8.6154552468154","8.745812903337","8.7889190690164","9.144986456056","9.25","9.458522850574","9.28","9.426819721346","9.31"
"9/30/1988","5.8842380420965","6.1420443439887","6.2393990238621","6.3271655634013","6.4119658713276","7.9744380137387","8.2700779339565","8.3679779489764","8.4088660033614","8.492847381617","8.799281909301","8.87","9.084226631657","8.93","9.088217677767","8.98"
"10/31/1988","6.0358638453134","6.1423068496316","6.2979853567415","6.3646818287939","6.4362119430408","7.9018718033151","8.0761552516101","8.1003685657525","8.1800093737518","8.2165918201801","8.561516644012","8.65","8.877993253421","8.7","8.823258459046","8.74"
"11/30/1988","5.3759837996038","6.5523612942044","6.6998206050212","6.8254913071784","6.8648543470702","8.4629005230028","8.6413799336826","8.643903255083","8.7300511141255","8.7285444098735","9.041850383598","9.06","9.194766565157","9.07","9.152072488523","9.07"
"1/31/1989","6.3146156179425","6.9993365857567","7.1373356053747","7.1058735527749","7.2589306963851","8.8828058651957","8.9057860199153","8.8641443194326","8.8821062572923","8.8284732363632","9.077449166466","9.01","8.974152410481","8.93","8.875151639846","8.84"
"2/28/1989","6.276732752172","7.3342022248058","7.386641202705","7.4887333925729","7.5150171571141","9.3538632676275","9.3107921907798","9.2505708994766","9.2663593290232","9.1553151467089","9.44856811162","9.32","9.309777945185","9.23","9.205791244785","9.14"
"3/31/1989","7.2262508063728","7.5152559694928","7.6689879777607","7.6877135841511","7.7596314204977","9.6211760065904","9.5183570459557","9.4564130811499","9.341146846179","9.2867050886077","9.470990141502","9.3","9.25467977467","9.21","9.168039216244","9.11"
"5/31/1989","6.9219140830495","7.3307625801374","7.2988074030437","7.2886902244937","7.2615902248265","8.7650437550692","8.6047450089318","8.6104933509513","8.5920125510488","8.5413091881244","8.736651559684","8.6","8.688263925194","8.6","8.654558010026","8.6"
"6/30/1989","6.8748067845657","6.8003779388665","6.7850121591957","6.7636309086054","6.6402159070237","8.1182700036781","7.9054274899257","7.9107931817478","7.8567118230787","7.9387474290759","8.189261344162","8.1","8.212119109096","8.08","8.122750337305","8.05"
"7/31/1989","6.5323755066376","6.6350297286832","6.5755863213901","6.3472531402068","6.4011404382878","7.5978233999261","7.360183840737","7.4519952046462","7.437034437966","7.4377545568233","7.757368392922","7.82","7.966948930963","7.87","7.971790332","7.92"
"8/31/1989","6.4028428603198","6.7105373208694","6.5950686740819","6.7025635816488","6.6936808648777","8.1126389863195","8.2369646727573","8.180366964082","8.1663510478135","8.1288540391443","8.35789397858","8.26","8.341696462826","8.24","8.302224245432","8.21"
"10/31/1989","6.5359447397156","6.535890329351","6.483839252271","6.4424299042922","6.4881311926561","7.7460106736705","7.6754875238173","7.7725386182212","7.7744443382528","7.7565291330198","8.010334480291","7.92","8.050312025838","7.92","8.008003742615","7.92"
"11/30/1989","4.8494809717146","6.3569845012128","6.222732826452","6.4062070865777","6.3512330934361","7.6685237720817","7.5855903621173","7.6323314414389","7.6823926550189","7.6804796155042","7.910869784013","7.84","7.945224056345","7.87","7.98181070353","7.9"
"1/31/1990","5.9787953073958","6.5094881740361","6.5784565634308","6.5550464428677","6.632897386047","8.0755815794855","8.0974306633849","8.1679362768424","8.2146351820825","8.2441270577249","8.486297019984","8.43","8.530432217914","8.45","8.5436844219","8.46"
"2/28/1990","6.0807131968757","6.6702362364312","6.5957903528798","6.6386523996347","6.6416860571339","8.049525968754","8.2403869811697","8.2748686545097","8.3556879247691","8.3723170062683","8.599540907939","8.51","8.637574665679","8.53","8.648951643062","8.54"
"4/30/1990","6.260384965968","6.5823779557506","6.7620378935798","6.7921090290779","6.8752131738868","8.5370909251595","8.7488891834999","8.8351751120826","8.9001186011811","8.8790313305085","9.105807997278","9.04","9.117000157175","9.02","9.120171752625","9"
"5/31/1990","5.3585351113973","6.5736066678852","6.6037341075258","6.6153558124038","6.6233779078975","8.120903292916","8.3068118111992","8.3622083831426","8.4557829054308","8.4814764443921","8.677722210419","8.6","8.690151982658","8.59","8.688666040961","8.58"
"7/31/1990","6.2172561073284","6.377058492294","6.345234133774","6.3030320322518","6.3040693863279","7.6679038576388","7.7368650014364","7.8618361644658","7.9511749364144","8.0335849458885","8.315893079674","8.36","8.515837246545","8.39","8.498402631097","8.42"
"8/31/1990","6.15590895075","6.2788032484118","6.2307418492037","6.3184607607376","6.3242537535401","7.6200230895146","7.8947359809572","8.1132767747659","8.3239415137952","8.4526731966251","8.773886671633","8.86","9.089310692363","8.93","9.084011586178","8.99"
"10/31/1990","5.4948206065388","6.0550259798251","6.03304840744","6.0065281064854","6.0845888543774","7.4552644508004","7.6019975323137","7.8062557580363","8.0230309131313","8.1598152866391","8.500630811058","8.65","8.875971975641","8.72","8.873137682756","8.78"
"11/30/1990","5.7908663045566","5.8465508237039","5.9626952570809","6.0574857560617","6.0176371343279","7.3323201766656","7.3644277903752","7.5499167343857","7.756108633206","7.8632016860921","8.165338670704","8.26","8.485776944833","8.33","8.488693782317","8.4"
"12/31/1990","4.5597528268253","5.3972325557148","5.5897965714987","5.51251710517","5.5482255919444","6.9183138741689","7.0543498828013","7.3069606009037","7.4695882793322","7.6557413244701","8.014763808003","8.08","8.39190177639","8.17","8.356908509388","8.26"
"1/31/1991","4.6035236706514","5.2034381377161","5.2554677369619","5.306704728279","5.310646821972","6.6086880349203","6.9199640557974","7.1621202633567","7.435174850121","7.5225940972441","7.921989528556","8.03","8.318326395455","8.12","8.299814845197","8.21"
"2/28/1991","4.4763262368526","5.1193569288699","5.1641969159319","5.1674939818579","5.1712291692433","6.4967506018123","6.9035941208046","7.1583339782988","7.4476763841056","7.561684130534","7.933316972614","8.02","8.315772611916","8.11","8.322272244564","8.19"
"4/30/1991","4.5109143101944","4.6600916890322","4.7223261214315","4.7413337745205","4.7778439399746","6.1841539487171","6.675843868361","7.0622079757707","7.4165232132036","7.5426004284871","7.942452859763","8.02","8.320787532422","8.11","8.296058335871","8.2"
"5/31/1991","4.4871260914015","4.6588761738306","4.71261871588","4.7661345489389","4.8579642707639","6.2566382238439","6.7634697645083","7.0445856344766","7.4487281814962","7.6124001832903","7.982352762122","8.06","8.376850909231","8.16","8.36941566151","8.26"
"7/31/1991","4.5784282288821","4.6655843503967","4.73093093703","4.7582451538757","4.8382445957905","6.1584621701079","6.6894975291676","7.1091471484685","7.5137254875078","7.7045266194188","8.067094055391","8.2","8.420598127288","8.28","8.445501368708","8.36"
"9/30/1991","4.1784398362246","4.3377674754966","4.3593029469863","4.3789687608226","4.3705601304206","5.3706024214422","5.9249133289459","6.3168770154719","6.724580134042","6.862613677575","7.347096219515","7.47","7.854001775934","7.65","7.909102725684","7.82"
"10/31/1991","3.9170871503549","4.0468660573487","4.0944147552617","4.1021962382362","4.1206339909577","5.1536828116642","5.6118922725293","6.0718361216842","6.5185562873523","6.7035401699639","7.250904721899","7.47","7.942878750357","7.69","7.966728788181","7.91"
"12/31/1991","3.1789308912463","3.2211599358386","3.221003838361","3.2687113845867","3.2835243505007","4.1713708371474","4.7299874315549","5.1765744739433","5.7887439014393","5.9170644835428","6.553690252827","6.71","7.294554978052","7.06","7.485624954263","7.41"
"1/31/1992","2.900176397785","3.1958034455505","3.263246720724","3.3037594279138","3.3346636679236","4.3389242513815","5.039527398095","5.7480782307838","6.2464176106395","6.4212593099831","7.114631595431","7.31","7.750695671228","7.54","7.841851822709","7.77"
"3/31/1992","3.3410574007161","3.392097992068","3.4520519242123","3.5091159880192","3.5062130999023","4.6093077105364","5.5632064659807","6.2444089221929","6.7451804783122","6.9148832142338","7.437688423659","7.54","7.840254091993","7.75","8.012719885771","7.96"
"4/30/1992","2.6971250965041","3.1071163913495","3.1608071040496","3.1911618348879","3.2659441358079","4.3759358940556","5.397829280947","6.0713335599201","6.6071010534608","6.917198108878","7.418392890285","7.61","7.918859233944","7.84","8.099569720636","8.06"
"6/30/1992","2.9259981219681","2.9744902990638","3.0585417216855","3.1059003301908","3.1102141433093","4.0634661195689","4.7989376861597","5.4531144540443","5.9951010947287","6.3080136272457","6.894825048248","7.14","7.723363622095","7.47","7.847451786047","7.79"
"7/31/1992","2.4938709743275","2.6388057143949","2.7166155649362","2.7455778478312","2.7842845497057","3.5797261433243","4.3670790593913","5.0015909337684","5.5607987367986","5.8434479415673","6.45884991922","6.72","7.317784728868","7.09","7.504871580708","7.46"
"8/31/1992","2.5527928971337","2.643128324917","2.6820040045519","2.7203987873481","2.749570553445","3.4358017793285","4.1088866536915","4.7419288693847","5.340091365867","5.6260441099496","6.334831137251","6.62","7.419339592515","7.02","7.520098229539","7.42"
"9/30/1992","2.1555480193455","2.2903853437979","2.3414539462896","2.3952447531615","2.3979011103616","3.1051522547815","3.7741799067788","4.4036849266933","4.9763963067799","5.3553893357696","6.066534189039","6.37","7.28647473206","6.88","7.445121599617","7.38"
"11/30/1992","2.3666540091566","2.7323171491353","2.775856775438","2.9002082585739","2.9308715448567","3.9221489328058","4.7392493218249","5.4286401130078","5.9667257473018","6.2439623367727","6.800979366123","6.95","7.461397672554","7.27","7.661798445069","7.59"
"12/31/1992","2.2993219189324","2.5365958543443","2.6739455145819","2.7465745726765","2.7844127689817","3.6506420836255","4.4998640529383","5.210674813901","5.6808813771981","6.0510641684651","6.568100967151","6.7","7.245588718793","7.05","7.451013009827","7.4"
"3/31/1993","2.2909459863982","2.435376671816","2.4863839250165","2.5234371269095","2.5520947824306","3.3524016004567","3.9152906840147","4.4909227693558","4.9588334505724","5.2473229962384","5.857598545039","6.03","6.77525637177","6.48","7.072705081372","6.93"
"4/30/1993","2.3760431626807","2.4352008392824","2.4691278253827","2.5061327308466","2.5269138788486","3.2968132434125","3.785773072173","4.3444582887525","4.8372809340658","5.1522374344506","5.742325783831","6.05","6.693330994645","6.5","6.998181880475","6.95"
"6/30/1993","2.3163350520836","2.5196901884909","2.5802063481619","2.65182571142","2.6635425467538","3.4996761164184","3.9825269769978","4.3967182740905","4.746635768736","5.0519641658033","5.514932910317","5.8","6.394716268476","6.24","6.740658897323","6.68"
"8/31/1993","2.4934615915123","2.5070786928751","2.5369181251771","2.6090556100759","2.6465078404057","3.3533376122161","3.8326325373662","4.2245166231354","4.4925245998124","4.7949884452906","5.212392358943","5.45","6.00344933241","5.77","6.296691256632","6.09"
"9/30/1993","2.0370208493681","2.4601402800663","2.5289206315257","2.5660769456497","2.5784663804588","3.3733980080563","3.8478142125157","4.1997691123636","4.5454705808469","4.7768913421123","5.189984656364","5.4","5.983618748827","5.72","6.336180759405","6.04"
"11/30/1993","2.4004005781921","2.6217163917992","2.6485784465774","2.7459515064597","2.801846104215","3.6317487761414","4.1707394333049","4.5324534966128","4.905703107923","5.1442443518827","5.578763916213","5.83","6.304262349237","6.46","6.573320973623","6.29"
"12/31/1993","2.3500062893348","2.5070876734718","2.6055762096369","2.6865251136293","2.7156137992502","3.6361872031836","4.2022812182481","4.4643502765333","4.9421827689781","5.2094498037985","5.593741989654","5.83","6.330132177997","6.48","6.607214724289","6.35"
"1/31/1994","2.2059197071835","2.4519270559836","2.5633620051978","2.60061437325","2.6637771490048","3.5166786665618","4.0766424956377","4.4345951144186","4.7429068533999","5.0149416636111","5.395770216624","5.7","6.137317525108","6.29","6.438582782108","6.23"
"2/28/1994","2.4180899441245","2.7923569129451","2.8706948982195","2.9858879193518","3.0415909213385","4.0625816062233","4.6340503745861","5.0209000130941","5.3469662026037","5.5898557269121","5.983822363104","6.15","6.644508789869","6.75","6.873776844434","6.67"
"3/31/1994","2.7817828788441","2.9284083911458","3.0582327911688","3.1825862518777","3.2228937800124","4.4766079250248","5.1650745114635","5.6615832465049","5.9799448958066","6.202112006163","6.622221324434","6.77","7.138686143461","7.23","7.299781165159","7.11"
"5/31/1994","3.1546832253913","3.4085785586868","3.683312684917","3.8272285997897","3.9725110274652","5.2972460190521","5.9247122676083","6.3170579108229","6.5547403539195","6.7216382925194","7.005944996362","7.17","7.527375778334","7.58","7.612664094477","7.44"
"6/30/1994","2.8749140640298","3.3749107561639","3.7171348527097","3.8700069504388","3.9649101913331","5.4271171281149","6.0816603144868","6.3877102725604","6.7340179156336","6.9164880767743","7.232056495662","7.34","7.689804221772","7.75","7.76257061929","7.63"
"8/31/1994","3.527260984304","3.7788667608644","3.8802317083463","4.0335680602864","4.1382295882707","5.4653818866514","6.0817751397219","6.3621847593223","6.5788407292364","6.749584255357","7.027956302642","7.19","7.479493496088","7.6","7.643647721593","7.46"
"9/30/1994","3.5776780973563","3.9155530977019","4.1370397115305","4.3453944106461","4.4582045875773","5.8795051079987","6.4927512394345","6.7912585564619","7.0395902501635","7.2129489827151","7.475880596098","7.62","7.927266148884","7.98","8.013174544947","7.82"
"10/31/1994","3.5687873781846","4.0608270945067","4.4044758781485","4.5084434133235","4.6939638331368","6.0434551878278","6.7297840161134","7.0169588655903","7.2421729544279","7.4042152960302","7.671326699058","7.81","8.011993581944","8.09","8.113383826382","7.97"
"11/30/1994","3.789953993484","4.5817837804176","4.7649773167635","5.0379315270716","5.1019964554953","6.8366160692975","7.2581081361481","7.5129348888863","7.6132346562375","7.667619779783","7.8688","7.91","8.0217","8.1","8.1062","7.99"
"1/31/1995","4.3158443459885","4.7617102701704","5.0581324982272","5.139298770303","5.2505536016044","6.7433813655758","7.121619900264","7.3100669244322","7.3865064883414","7.414269183498","7.6103","7.6","7.7443","7.81","7.8159","7.71"
"2/28/1995","4.1801656452754","4.8651262624502","4.9030891650433","4.9950293343342","5.0588882699161","6.339897673448","6.6615138169296","6.8067570598185","6.9007447186224","6.9538424375153","7.1938","7.22","7.4855","7.58","7.6091","7.46"
"3/31/1995","4.8093557697968","4.8425170133409","4.9305325903536","5.0024476176989","5.0054054624606","6.349287514513","6.6673852784316","6.8208539740591","6.9175855218627","6.9678580962801","7.193510149989","7.2","7.468895692307","7.54","7.582709424322","7.44"
"5/31/1995","4.6038727581692","4.7535929335404","4.7391642913526","4.7841738238414","4.7627381472473","5.6968874313205","5.7759131090367","5.8745754955918","5.9548524137228","5.9915436781331","6.226316088643","6.3","6.662118275151","6.72","6.815483941482","6.67"
"6/30/1995","4.4358742893879","4.5990386169256","4.618032395623","4.6304269710476","4.5709731644895","5.5517830054773","5.7037081276715","5.8015918465188","5.9003846234227","5.8900844253526","6.140134213575","6.21","6.584851758645","6.64","6.746918743192","6.63"
"7/31/1995","4.5366999901407","4.5723956095679","4.5764358838391","4.5429839615902","4.5872809065302","5.5738844675559","5.7861157726006","5.9648326102537","6.0781545891552","6.0714065374021","6.371108711527","6.45","6.785156531855","6.88","6.960373894922","6.86"
"8/31/1995","4.357622075497","4.4488276657099","4.4121046978962","4.5505904014713","4.5192556523064","5.6215199040981","5.7511947209552","5.8655867858934","5.9737510393802","5.9789505026581","6.228082289961","6.28","6.628697452601","6.72","6.795662978782","6.65"
"10/31/1995","4.1547279112408","4.4440956910366","4.515898913078","4.5167399330815","4.5372919362833","5.514262128027","5.5279974477551","5.6451828444987","5.7316722930766","5.7208156370768","5.95797041056","6.03","6.311614326579","6.4","6.467234978275","6.34"
"11/30/1995","4.5526429086739","4.5127508231991","4.4292883872741","4.4838741134593","4.4672075415969","5.3210931159943","5.2734771668035","5.3586169065085","5.45430189165","5.4503936513557","5.707623447093","5.76","6.091669193183","6.2","6.296876180144","6.14"
"1/31/1996","3.8662320375824","4.1035954748716","4.163357637401","4.0852460071869","4.0689844503155","4.888805591252","4.8665401909567","5.0149856523602","5.1374709483546","5.1860443291273","5.49010369205","5.6","5.960674737135","6.07","6.159089386556","6.03"
"2/29/1996","3.8998847011084","4.1553273600233","4.1029957772564","4.1213922378317","4.1466020782242","5.1403400194247","5.3590419069377","5.4921926544016","5.6254806707743","5.6632050354124","5.991888913222","6.13","6.490188074788","6.57","6.653669529455","6.48"
"4/30/1996","4.0275488186472","4.2232423758742","4.2323381549785","4.2837692523354","4.3464517847544","5.5327162325971","5.9363742171402","6.1265526118034","6.2792393059569","6.3154583725086","6.575959753175","6.66","6.990338948992","7.06","7.095177132907","6.89"
"5/31/1996","4.1369240633516","4.2447208237428","4.2915465901927","4.3626574764979","4.397835279682","5.6748293480595","6.1528135506802","6.3635620783603","6.5058642612131","6.5570591382317","6.772375659868","6.85","7.113242657462","7.17","7.189137952059","7"
"7/31/1996","4.0357586765203","4.2956708190049","4.3869679836348","4.4214699502187","4.4848889001406","5.8679728925151","6.1130364362205","6.3187774980386","6.4295195809601","6.4885713186899","6.689244533416","6.8","7.009989955047","7.07","7.102662285008","6.98"
"9/30/1996","4.155012236313","4.1756476582932","4.3013568075495","4.3530837532305","4.4074720912861","5.6643531545992","6.0037464357144","6.2082477671111","6.3363216769515","6.3815822437078","6.633330435581","6.72","6.947929061296","7.05","7.090177805801","6.93"
"10/31/1996","4.0527128483908","4.2077832573552","4.2532103421206","4.3262853269794","4.337158176162","5.4378408954899","5.6622842845771","5.8293908545355","5.9638512109488","6.002819144591","6.261361787905","6.37","6.635415567486","6.74","6.775068868513","6.66"
"12/31/1996","4.059342095587","4.2339635340881","4.2903131886636","4.3312046723708","4.381133602017","5.4563191848078","5.7858548961207","5.9733329290451","6.0766027435141","6.1388617026812","6.336828295526","6.43","6.655228991302","6.73","6.771154730775","6.65"
"1/31/1997","4.0797156997524","4.2393802188117","4.300133023234","4.3238176873101","4.3368461203489","5.4871949107704","5.831313767345","5.9996881510702","6.0809973894521","6.1781773435162","6.406288847951","6.53","6.765742219331","6.86","6.908382878295","6.8"
"2/28/1997","4.2110118300433","4.3044504899582","4.3280620978558","4.2245949278161","4.4235217910437","5.5852572117674","6.0044475923429","6.1563710417717","6.248513243121","6.3139708338425","6.502322142214","6.56","6.827037565071","6.91","6.954704052229","6.8"
"3/31/1997","4.3500785273266","4.3974036075797","4.3722465842197","4.5408250048837","4.5506555265979","5.9112189925531","6.3307772822059","6.5231595424954","6.6344700097051","6.6709182984035","6.883196725805","6.92","7.168169759715","7.22","7.237083646348","7.1"
"4/30/1997","4.0611900371537","4.2796304152285","4.4317613246642","4.5727846598746","4.5412894295229","5.8050357952036","6.1887434745036","6.3468466038384","6.4427268773735","6.4872748151919","6.678693374952","6.72","6.98268204845","7.05","7.066796591905","6.95"
"6/30/1997","4.2016549935157","4.3600257096124","4.0544741572064","4.3382974507351","4.3947821012903","5.6078603090844","5.9867494116566","6.1216507338694","6.2737261256906","6.3051350414187","6.489049858277","6.51","6.796546395406","6.86","6.881288907743","6.8"
"7/31/1997","4.1244909649047","4.3122199034022","4.3200708456553","4.3438618157697","4.3674939726991","5.5016662685883","5.653405118698","5.7222235631938","5.787476704944","5.8277656043895","5.994575922726","6.02","6.286870898965","6.35","6.386300644934","6.3"
"9/30/1997","3.9554877509357","4.1701663243055","4.2344851399534","4.2298787495568","4.3399497544281","5.5631628996115","5.7082671271415","5.8055136284207","5.9139638500007","5.9067246136735","6.143258830237","6.12","6.390370787674","6.47","6.511609222228","6.41"
"10/31/1997","4.0609184399285","4.263019965908","4.2851069532099","4.3216601438408","4.3563442467227","5.2990475853075","5.5563938769715","5.6257094851155","5.663912581999","5.6293804067717","5.864701460561","5.84","6.148933560669","6.21","6.244142181996","6.15"
"12/31/1997","3.8217358372176","4.3106412508857","4.425316304502","4.4624579251927","4.4675387428747","5.4109476974156","5.574152010539","5.6249646784419","5.6476914331136","5.6286353082486","5.77056426691","5.75","5.963558938659","6.02","6.041191042624","5.93"
"3/31/1998","4.3561274575995","4.2722499410627","4.2108693148898","4.2686784767143","4.3182781679001","5.3147802752948","5.4991173187862","5.5693371183697","5.5958445346863","5.5405226525721","5.72886669193","5.67","5.957337429921","6.02","6.033667599386","5.94"
"4/30/1998","3.7960729794253","4.0988457992911","4.2210140702155","4.2831322630323","4.3003292571019","5.3296709985492","5.504761709293","5.552759637679","5.5943828362552","5.5585283288858","5.74639210371","5.68","5.985043000707","6.04","6.052041243216","5.95"
"6/30/1998","3.9173398483338","4.1731130103847","4.1486200508246","4.2754485610662","4.3031097485385","5.3370772856569","5.3992511909691","5.4777512059692","5.479930776406","5.3813945113229","5.547737522699","5.44","5.681741476329","5.73","5.737017902886","5.62"
"7/31/1998","3.9335297529885","4.179626003746","4.2403313464253","4.2310644671929","4.2783653188703","5.4203392194431","5.414737022634","5.4568903557225","5.489755022903","5.4636960724278","5.573618266534","5.5","5.762690096943","5.81","5.823859559732","5.72"
"8/31/1998","3.9069948384047","4.0498063664562","4.0373088084488","4.0577973427786","4.0543860251991","5.02484313405","4.8120345371408","4.8985422515038","4.9006793891764","4.8586562017871","5.091374349797","5.05","5.385132326951","5.45","5.477029201278","5.3"
"9/30/1998","2.6189354219145","3.5070721969184","3.659527261549","3.662993902294","3.6843343087493","4.5686559704705","4.2741650734891","4.3474703694275","4.3054276812937","4.3435646259668","4.466050049529","4.44","5.021087503819","5.17","5.259477034396","4.98"
"11/30/1998","3.6993020333561","3.694801028176","3.7456786527824","3.7650912263043","3.7495665465176","4.6316424759508","4.4720167740259","4.5252844783628","4.6385829802415","4.5596758150789","4.778447745231","4.74","5.193511309093","5.33","5.374909620669","5.08"
"12/31/1998","3.5481514295485","3.6937196669957","3.7149928080908","3.7316045951433","3.740231810823","4.4376259772636","4.517927580105","4.5982595540829","4.655263168113","4.5880394888759","4.824527527978","4.65","5.262822227566","5.39","5.431862553337","5.09"
"3/31/1999","3.8641131279581","3.7163105439225","3.6381098818964","3.7409716940924","3.7123966061219","4.6654640734523","4.9348404456988","5.0689855891339","5.1484088261872","5.1672519573605","5.395468691816","5.25","5.85967943111","5.92","5.919377954207","5.63"
"4/30/1999","3.7083729925538","3.759555293596","3.7597458694445","3.7657952231044","3.8177293319554","4.7121145612241","5.0072506534011","5.135157517513","5.2080193468992","5.2641554360403","5.427695735893","5.36","5.883684131515","5.94","5.938198355373","5.68"
"6/30/1999","3.4764247790577","3.8138560785772","3.8909504114976","4.0166120412281","4.1317366302709","5.1783345063455","5.4527222474788","5.5646829351031","5.6338810426571","5.7564537879446","5.916126345814","5.81","6.28387986648","6.29","6.238899877228","5.98"
"8/31/1999","3.7478109876015","3.987963524842","4.1035526237548","4.1975512790191","4.2684443041577","5.4519235102768","5.6435850774292","5.7826495846839","5.9239071233851","5.9648615757451","6.158441374388","5.98","6.483847813285","6.49","6.427449039647","6.07"
"9/30/1999","3.622369442381","3.8957067412912","3.974310700425","4.0373397676073","4.070873105497","5.3723808200767","5.5459057490596","5.6492932634715","5.8033893109113","5.8756398254181","6.066452331401","5.9","6.460641901971","6.47","6.40212121306","6.06"
"11/30/1999","3.8071428627485","4.3235857905998","4.3718444241718","4.4908411612259","4.5503117955539","5.7630054917987","5.9236914142458","5.9847493749581","6.0868916786508","6.1387345387029","6.288163420423","6.18","6.639103066297","6.62","6.542752825342","6.29"
"12/31/1999","3.992849298165","4.3856129233734","4.4418505007613","4.6261052437555","4.6925009822423","5.8928630991817","6.1435417060854","6.2172874257271","6.2962692282691","6.3860339831715","6.57978559889","6.45","6.835667950004","6.83","6.750616898485","6.48"
"1/31/2000","4.4857997053485","4.6152020539666","4.7377562371696","4.7914175149148","4.8700131958599","6.165856168916","6.5008164519649","6.5562977646588","6.5464955830739","6.6558601651658","6.753631127318","6.68","6.767024957124","6.72","6.630157255181","6.49"
"2/29/2000","4.4260966682451","4.7909999197992","4.784717711867","4.8651172424329","4.9435606595418","6.0972943104094","6.4361366464609","6.5010653053244","6.4839727362493","6.5640423181903","6.662682289959","6.42","6.540086832303","6.46","6.362790026608","6.15"
"3/31/2000","4.9063411057473","4.8297393449067","4.8788337416065","4.987293637623","5.0380332288379","6.2990817987448","6.3867398422192","6.3349695468381","6.2587720582517","6.2484974946764","6.301737592703","6.03","6.244958865331","6.2","6.101412807934","5.84"
"5/31/2000","3.8874213681086","4.5220182371467","4.8037017870944","4.957115318443","5.1934537336265","6.265436004567","6.5929565366992","6.5319230617856","6.5191171070355","6.4484199619936","6.554333968746","6.29","6.444396733421","6.42","6.3350419777","6.02"
"6/30/2000","4.6883816176641","4.810567464961","4.8760769264936","5.0544128969837","5.1098366337578","6.393825810721","6.2781885617225","6.1984923969399","6.2054769168398","6.1535398678259","6.256627073957","6.03","6.267132530284","6.26","6.186217422239","5.9"
"7/31/2000","4.8930759785966","5.1212851773091","5.1275067252115","5.1570603231789","5.2270373958285","6.3622290370486","6.200152398097","6.2236524719358","6.1727050020149","6.129173973983","6.203625939346","6.04","6.156999616927","6.13","6.060830948394","5.79"
"8/31/2000","4.987326235205","5.2005807074596","5.1606657023773","5.2108408260374","5.2234971531228","6.1269235348182","6.0841787538479","6.0193161893954","5.9550941196006","5.9275446232356","5.98905056097","5.73","5.978117601866","5.96","5.901413094452","5.67"
"10/31/2000","5.0199693040311","5.2591747588458","5.1874084043203","5.1739411350247","5.2147023697828","6.2045881333692","5.8197991637427","5.8210365511253","5.7668163542296","5.7016284302017","5.885904391329","5.77","6.010345927054","6.02","5.986628873382","5.79"
"11/30/2000","4.8600838318636","5.1229930474639","5.1068165792721","5.1037981315703","5.0580379488021","5.8309800742549","5.5509320139578","5.5343682984528","5.4804262600264","5.3857362815719","5.54389003177","5.48","5.760471896613","5.78","5.76719964583","5.6"
"1/31/2001","3.9679447309715","4.0855594859665","4.0796738563014","3.9453149674268","3.958684635912","4.6512959271965","4.5638493146719","4.7070435635632","4.8100183824394","4.8432237059283","5.161108539697","5.19","5.576349239544","5.65","5.684261576835","5.54"
"2/28/2001","3.9594682962268","4.0851813429233","3.9102452201033","3.8652836966508","3.8571005921624","4.4152189416247","4.3833212525842","4.5619170898252","4.6495581055848","4.6958966574108","4.974645832062","4.92","5.429326034655","5.51","5.560110561413","5.34"
"4/30/2001","3.1167253850084","3.1634562800532","3.2104825568907","3.2195490006089","3.2578602412347","4.0328627886836","4.2753932296625","4.6380972371739","4.8253087420947","4.9336548761422","5.280467381503","5.35","5.832411390944","5.92","5.952800492659","5.78"
"5/31/2001","2.7902490200065","2.9454819121753","2.9428858979786","2.9457591531552","2.9519313841013","3.7895212607504","4.2160543072758","4.6192021198921","4.8625170926232","4.9732333627014","5.342834980006","5.43","5.881461759148","5.95","5.973566994312","5.78"
"7/31/2001","3.0318644392028","2.9451638209228","2.8620175086498","2.8358393825284","2.8490916497039","3.4553767941264","3.7718024032046","4.2200691434563","4.4944565745945","4.6678810934325","4.944254435299","5.07","5.535588866871","5.61","5.656909911126","5.51"
"8/31/2001","2.8155173425959","2.7857854935649","2.7442306098948","2.7271864103449","2.7177593352822","3.32881169101","3.6117948370741","4.0545414498911","4.3207764096216","4.4940747487385","4.8023","4.85","5.4036","5.47","5.5266","5.39"
"10/31/2001","1.7959820694229","1.7050953617645","1.6584164870752","1.6213824454135","1.6058478513787","1.9555172623741","2.3682670597787","2.959897644338","3.35985783134","3.6724474231988","4.1299","4.3","4.9742","5.05","5.1274","4.89"
"11/30/2001","1.559078936684","1.4783999855215","1.4374471611875","1.4811737464759","1.4843173615268","2.0507984015496","2.8422979453167","3.5124586739064","3.9105404570662","4.0999741993499","4.6712","4.78","5.4772","5.54","5.5965","5.27"
"12/31/2001","1.3626129081498","1.4359105160632","1.4227205317704","1.4640531881031","1.5058042310859","2.0519018870896","3.0636628947126","3.8105303013761","4.2273891188373","4.4389459128216","4.9794","5.07","5.6978","5.74","5.7956","5.48"
"1/31/2002","1.3900005150677","1.4359582130748","1.4841920034145","1.5259206096545","1.573835793239","2.2762123603861","3.1482047588509","3.8075962923043","4.2417590977938","4.5158884205922","4.9347","5.07","5.6281","5.68","5.7125","5.44"
"2/28/2002","1.4597586715182","1.4572447094129","1.4717373615784","1.5003539518952","1.5418724018789","2.1954038241678","3.0380917546642","3.6208518843846","4.075787799483","4.355067426508","4.7932","4.88","5.5527","5.61","5.6612","5.54"
"4/30/2002","1.459828802679","1.4626238119643","1.473646734583","1.5086753333199","1.5696549525645","2.24863674954","3.2159314768006","3.8571505216894","4.2941117448518","4.5805825784337","4.9866","5.11","5.6686","5.74","5.785","5.72"
"5/31/2002","1.4071392108143","1.416962812205","1.4438160092523","1.4896815581666","1.5653116241334","2.2687610462913","3.1838376105094","3.7320281678529","4.1191469161377","4.4111168758744","4.8613","5.08","5.6675","5.77","5.8225","5.75"
"7/31/2002","1.4259694333362","1.3989032219089","1.3887198812166","1.3980805356388","1.3992095056664","1.7231602337652","2.2216406417315","2.8519046570711","3.2902769129057","3.6331325152899","4.1741","4.51","5.2628","5.41","5.5162","5.51"
"9/30/2002","1.3076492381201","1.2876667611379","1.2762628367973","1.2642685053418","1.2396642831351","1.4297057761113","1.6805588176592","2.0337143949187","2.3941530427649","2.668989943502","3.3239","3.63","4.576","4.75","4.9029","4.88"
"10/31/2002","1.2230465335999","1.1945011788251","1.2019341959","1.1709102652774","1.1736693513613","1.3365172319691","1.6630546889529","2.1257195336446","2.5297726276578","2.8741267198194","3.5376","3.93","4.8642","5.03","5.1962","5.28"
"12/31/2002","0.946219415559","0.97018164393174","0.99842568942951","0.99252134090168","1.0015853489607","1.2085946668148","1.5821177350009","2.032640243192","2.461836422614","2.8068850642917","3.4366","3.83","4.6913","4.83","4.9907","5.03"
"1/31/2003","0.95885261401384","0.96594608900626","0.95599376451556","0.96924911048202","0.98242320367168","1.2837069961989","1.6913971503344","2.2003003252285","2.6762416161961","3.041678529672","3.6216","4","4.7735","4.93","5.0564","5.03"
"2/28/2003","0.99488663434648","0.99980606981475","0.99849136464267","0.9989514140361","0.99091740170318","1.2326347642102","1.5108030076976","1.9310674872823","2.370431942299","2.7254421262516","3.3044","3.71","4.5244","4.7","4.8619","4.9"
"3/31/2003","0.95046045365022","0.91728129063633","0.92214865226137","0.92254097059392","0.92303199519562","1.144574709229","1.4855018362904","1.9721531887373","2.4451279677949","2.8250528646624","3.4216","3.83","4.6606","4.84","5.0072","5.07"
"4/30/2003","0.9250747231723","0.92153492685551","0.92212064655092","0.93958033148877","0.93998777483338","1.1503004553935","1.4763286105109","1.9833548462649","2.4725578454933","2.8861098717927","3.4638","3.89","4.6266","4.79","4.9511","5"
"6/30/2003","0.66100050029093","0.70998460327785","0.73151714966564","0.78686905558756","0.79563859277134","1.0393215967906","1.299481160584","1.6997417320749","2.1143618293444","2.5001047974784","3.0613","3.54","4.3115","4.52","4.7061","4.81"
"7/31/2003","0.72857773778149","0.76919799845656","0.80773076577028","0.8377058902221","0","1.2254261303961","1.7353552472721","2.3363258618925","2.8879845270054","3.3604168087341","4.0043","4.49","5.2542","5.43","5.5191","5.56"
"9/30/2003","0.70958171591853","0.73849592167142","0.78444558582821","0.80592297088394","0.82963506941129","1.0545632237702","1.4627327854792","1.9806529484897","2.4466523326598","2.8796209271092","3.4638","3.96","4.714","4.91","5.0417","5.07"
"10/31/2003","0.79618074691543","0.78501408442016","0.79288552712543","0.83140369223545","0.85718365612282","1.2368484504146","1.8218252485539","2.4048459875994","2.8651796775474","3.2947633454025","3.8584","4.33","5.022","5.2","5.3001","5.28"
"12/31/2003","0.73914941834246","0.73746283632655","0.75690739353599","0.75929053748474","0.84235430150427","1.2273720043174","1.8373602134984","2.3735049027827","2.8416086922865","3.2613238749393","3.8021","4.27","4.9351","5.1","5.2249","5.23"
"3/31/2004","0.78985304937433","0.76494459300534","0.79290622892832","0.79743480770038","0.82538042297638","1.1455983546013","1.573629245953","2.0038561499124","2.439710262233","2.8065921097526","3.3731","3.86","4.5737","4.77","4.9112","4.93"
"4/30/2004","0.67364592676855","0.77871142863986","0.82041603694042","0.89925410087954","0.9654360962571","1.6059870676969","2.3080500200722","2.8939090814741","3.32052421699","3.6503416898965","4.154","4.53","5.1598","5.31","5.4245","5.39"
"6/30/2004","0.93563965106591","1.0114439222021","1.1934735316302","1.281236734981","1.3651495123422","2.0120815507248","2.6724470049052","3.1600009697044","3.5037160346184","3.8109805840687","4.2832","4.62","5.201","5.33","5.4378","5.41"
"8/31/2004","1.1998211453786","1.2474457464373","1.3547571764599","1.4278737119226","1.4844264035969","1.9438622124191","2.387625342287","2.7314104404172","3.0572235155809","3.354429883086","3.782","4.13","4.7828","4.93","5.0555","5.01"
"9/30/2004","1.2209084335194","1.3713777931294","1.4905623188624","1.6088718765686","1.646308799654","2.1579599571414","2.5975085259348","2.8706926257865","3.1556722643041","3.3888330132032","3.7983","4.14","4.7498","4.89","5.003","4.97"
"11/30/2004","1.6924124997498","1.7656821984827","1.8625536148056","1.9302128551105","2.0135535273434","2.623702258184","2.9845947597143","3.2475315599337","3.4909001160634","3.7028493447208","4.0615","4.36","4.916","5.03","5.1138","5.07"
"12/31/2004","1.5400527697581","1.7974681411147","2.0070197091959","2.1074705524508","2.139457653098","2.7489506339995","3.0495441720892","3.2332836650097","3.4526171749951","3.6208619425233","3.9434","4.24","4.7471","4.85","4.9332","4.86"
"1/31/2005","1.8003182136727","2.0009019931946","2.1392679308342","2.1840595511677","2.3002470371493","2.9365442791964","3.2552542714292","3.4085875602238","3.5501171275276","3.6950276662831","3.9224","4.14","4.5589","4.64","4.6838","4.62"
"2/28/2005","2.0795366877314","2.2441728076179","2.3181944885289","2.4388503955917","2.4908950810703","3.2484608180592","3.5742915612085","3.7445226827134","3.8813258220351","4.0121862897169","4.1846","4.36","4.7236","4.79","4.7939","4.71"
"3/31/2005","2.1723941335209","2.2823860307445","2.4614017423154","2.5411752783796","2.5784663804306","3.4114305664894","3.7546067969448","3.9162117918639","4.0420464592959","4.1491284546999","4.3376","4.5","4.8381","4.88","4.8728","4.76"
"5/31/2005","2.2910323766395","2.4270190273674","2.5206019913928","2.5320920142428","2.6151436885963","3.3704444133342","3.5460398039714","3.5947291966536","3.6511170285313","3.713233954687","3.864","4","4.3351","4.4","4.4189","4.36"
"6/30/2005","2.486221586825","2.5659414576349","2.6632791155094","2.7037654250269","2.7565093264356","3.4902132023114","3.6032096801664","3.6160055044114","3.6562254568137","3.672598351993","3.8176","3.94","4.232","4.28","4.2879","4.19"
"8/31/2005","2.815778353468","2.8600818750481","2.9473004942531","3.0112990927228","3.0767621632625","3.7222985861497","3.7852921810446","3.790489111601","3.8028796405124","3.8207646486923","3.9367","4.02","4.2847","4.3","4.3099","4.23"
"9/30/2005","2.6038975497862","2.8624413613364","3.0751694815143","3.209335559262","3.2334822436129","4.0616244936835","4.123808350843","4.1338004275731","4.1574169714398","4.1487024453609","4.3106","4.34","4.5703","4.62","4.6804","4.53"
"10/31/2005","3.0786051606989","3.1703391401394","3.3409644217044","3.3289692432589","3.5035294778602","4.3099941216572","4.3356400356381","4.3772454813056","4.4034967207722","4.3979549664955","4.5248","4.57","4.823","4.84","4.8037","4.73"
"11/30/2005","3.3069885637599","3.2216745973004","3.2978165939302","3.4845496021093","3.5505639148974","4.3937575328726","4.3591559985631","4.3446732096006","4.361979811005","4.3640377639217","4.4773","4.49","4.7941","4.81","4.7717","4.66"
"1/31/2006","3.6037337521477","3.634946008366","3.7175916498076","3.7326027599713","3.775250395889","4.5445496700709","4.4679963394449","4.4337613361916","4.4507398893324","4.4084246601152","4.5232","4.53","4.7347","4.74","4.7133","4.69"
"2/28/2006","3.6842449761599","3.7997476738466","3.8376048715909","3.8806054942111","3.904895595491","4.6787136722807","4.6169109529483","4.597515137539","4.5879989006064","4.5399589144533","4.6078","4.55","4.7171","4.7","4.6502","4.51"
"3/31/2006","3.8250590862398","3.8181541290394","3.8900572120921","3.922917141915","3.9646495951537","4.8096726199963","4.7508405406283","4.7495850064117","4.7643294478283","4.7512907351131","4.8559","4.86","5.0761","5.07","5.0169","4.9"
"5/31/2006","3.942515632358","3.9935294842806","4.0775284817713","4.1110898571398","4.1750278111981","5.0344207764855","4.9623026738118","4.9500816906121","4.9565609830753","4.969174686438","5.0776","5.12","5.3518","5.35","5.2948","5.21"
"6/30/2006","3.9013881706525","4.0975207495341","4.1971147095655","4.2763571420333","4.3021883726089","5.2057990605074","5.0786443404165","5.0498707841311","5.0170831974379","5.0257416390331","5.1156","5.15","5.3193","5.31","5.2632","5.19"
"7/31/2006","4.1913961322775","4.1734834423511","4.2197511303374","4.223708283362","4.2406595464597","5.0430624507082","4.8866080800986","4.8460217420207","4.8144122562422","4.8440463347969","4.9377","4.99","5.1764","5.17","5.1165","5.07"
"8/31/2006","4.2474084026091","4.1447899298932","4.1630710043237","4.1883504134751","4.2072099864458","4.9269184515761","4.7062642385754","4.6339838682016","4.6246274544194","4.627192374868","4.7229","4.74","4.9314","4.95","4.9527","4.88"
"10/31/2006","4.29031840309","4.1986567139735","4.19798889133","4.1975512790191","4.1991352279843","4.8533781156481","4.6259873277183","4.5352921531956","4.5035287011846","4.5005667481324","4.5858","4.61","4.7881","4.81","4.8008","4.72"
"11/30/2006","4.3491437034943","4.1373499494754","4.1544879640434","4.1903851072242","4.189891197082","4.8050307985515","4.5455028640411","4.4283515304329","4.3868404324898","4.3843287114371","4.4415","4.46","4.6447","4.66","4.6478","4.56"
"1/31/2007","4.1374878210798","4.2186291782829","4.2320419048318","4.2231174631553","4.224826620324","4.9849432377308","4.8462779449365","4.7593111840183","4.7229276351813","4.7389980387741","4.8145","4.83","5.0033","5.02","4.9911","4.93"
"2/28/2007","4.3494552518908","4.2559067656966","4.1891120554919","4.1906759933551","4.1901823902291","4.8334835674103","4.5761091443888","4.4925577329305","4.4611386968641","4.4599249854334","4.5348","4.56","4.7628","4.78","4.7643","4.68"
"4/30/2007","3.9599847395535","4.0421978271598","4.0909544499722","4.1116496425356","4.1214789650514","4.8731696572755","4.5235966591244","4.4493510803854","4.4451913320241","4.4519612758886","4.5669","4.63","4.8519","4.88","4.8859","4.81"
"5/31/2007","3.9592101419287","3.9036842650305","3.9550135286611","3.9576307497891","4.0687099249784","4.9641926603746","4.8468091083649","4.7895179166558","4.786143250562","4.7873104952456","4.8647","4.9","5.0965","5.1","5.0417","5.01"
"7/31/2007","4.2522426931617","4.06325315404","4.0520568899001","4.0596782598071","4.0822420521872","4.7175718325607","4.4577641459039","4.4378852883038","4.4870248594499","4.5099571589591","4.7171","4.78","5.0004","5","4.9764","4.92"
"8/31/2007","3.4781444904008","3.3847384625991","3.4343452584232","3.4411833896876","3.4897833070446","4.3616609662934","4.0994234547824","4.1291835182438","4.1965604862671","4.221289506021","4.4192","4.54","4.8634","4.87","4.8535","4.83"
"10/31/2007","3.3069885637599","3.2683365477776","3.2635985438568","3.2342180210812","3.3608810203433","4.0259906342829","3.8951727999021","3.9271494144478","4.0508725489726","4.1332413684389","4.3304","4.48","4.7747","4.79","4.7894","4.74"
"11/30/2007","3.0441114021917","2.5711830961536","2.5288151013057","2.7036446454206","2.7756991702659","3.1287247728618","2.9821448196876","3.0341797210107","3.2646554973257","3.3731539044695","3.7881","3.97","4.4076","4.44","4.4757","4.4"
"12/31/2007","2.3799968671718","2.5942952087009","2.7468624442225","2.7589159607254","2.8793011786962","3.2711801142032","3.0240438252971","3.0224664853142","3.2864525492151","3.4312734119892","3.8215","4.04","4.4839","4.5","4.5183","4.45"
"1/31/2008","1.309678492696","1.5355839251602","1.6434975649137","1.704672552541","1.70175055889","2.0784235266773","2.0800485760028","2.1927275372875","2.5393258532309","2.7669316972169","3.3209","3.67","4.2875","4.35","4.3763","4.35"
"2/29/2008","1.7239858524078","1.531366437551","1.4992785584327","1.5003168350958","1.5013570325862","1.6873389762913","1.6156845125451","1.8397567125706","2.211696190663","2.483298363964","3.1421","3.53","4.2734","4.37","4.4358","4.41"
"3/31/2008","1.0307637543679","1.1035509306939","1.1341326200925","1.2111674190859","1.2417913944812","1.4612452581057","1.5857771452217","1.7481676909304","2.2174400035118","2.4520538420626","3.0077","3.45","4.268","4.3","4.3144","4.3"
"4/30/2008","0.9800135109905","1.1078191422716","1.1765054583932","1.2452782904476","1.3481221340955","1.9103606608883","2.2533429668838","2.4627110672928","2.8394184245427","3.0192298374733","3.484","3.77","4.423","4.49","4.5444","4.49"
"6/30/2008","1.4112371843376","1.5017747445045","1.5671399198677","1.7385966276479","1.7911903312891","2.3663637174206","2.6054190932471","2.9092721947745","3.1882868309976","3.3302158082813","3.7553999423981","3.99","4.542200088501","4.59","4.620500087738","4.53"
"7/31/2008","1.2674061307502","1.3619188028006","1.3886881042071","1.5171446769437","1.5525261860681","2.2557174374253","2.4935937333518","2.8054555366317","3.0495911713461","3.2426571346965","3.6835000514984","3.99","4.5757999420166","4.63","4.6540999412537","4.59"
"9/30/2008","0.80253993621199","0.72683389803154","0.83739398818945","0.9988856580739","1.3396386954578","1.8067002239066","1.9528940918568","2.2862159961374","2.6692806826827","2.9932384297875","3.5367000102997","3.85","4.4674000740051","4.43","4.3832001686096","4.31"
"10/31/2008","0.099226756402798","0.28722929722953","0.40565253040174","0.66814880805256","0.77869122025047","1.4307993123679","1.3355642410558","1.8163682422877","2.1377550221758","2.8384717946921","3.7523000240326","4.01","4.9517998695373","4.74","4.4766998291016","4.35"
"12/31/2008","0.0084444784569513","0.049617659161663","0.056921950027409","0.056923442346504","0.21970077315216","0.41018034618669","0.53765906956556","0.99848295563073","1.0286454671765","1.5752355708123","2.1533000469208","2.25","3.1514000892639","3.05","2.8735001087189","2.69"
"3/31/2009","0.12667458399319","0.156253875917","0.19429733321871","0.24292233681398","0.34870105166169","0.61191355950818","0.77807943641319","1.1627195564516","1.3361496452908","1.6708887810264","2.348799943924","2.71","3.5829000473023","3.61","3.6438000202179","3.56"
"4/30/2009","0.023222470574465","0.090789110504695","0.10980137151248","0.17741303329056","0.23026976184449","0.50765720235545","0.9054009050963","1.3821647010571","1.7100803159725","2.0304509832789","2.7629001140595","3.16","4.0638999938965","4.1","4.1290001869202","4.05"
"6/30/2009","0.12034047869061","0.13407992515757","0.16049569706841","0.23024184607495","0.28524609555059","0.55132412098995","1.1270637549512","1.6141689011842","2.1725830196818","2.5902186005972","3.2309000492096","3.53","4.2769999504089","4.3","4.3431000709534","4.32"
"7/31/2009","0.10133789360702","0.14146992171921","0.14993287870859","0.1943172102389","0.21124389986395","0.47507676647567","1.1259463082106","1.5809831920829","2.0772195232883","2.5536370489261","3.1846001148224","3.52","4.2526001930237","4.29","4.3282999992371","4.31"
"8/31/2009","0.078114222159637","0.10768105661184","0.14782161532676","0.14360642216988","0.19645071555612","0.41734048080482","0.97751104818597","1.4550958303137","1.9652393940913","2.4152236473049","3.0790998935699","3.4","4.126699924469","4.14","4.1937999725342","4.18"
"9/30/2009","0.040111878534066","0.067562935158236","0.084458521646852","0.11825786741119","0.14361761927672","0.41773211435391","0.95495446204153","1.4187844579214","1.87916089729","2.3468266324183","2.9658999443054","3.31","3.986200094223","4.02","4.0668997764587","4.03"
"11/30/2009","0.061224133370554","0.02322360907835","0.061229744434292","0.07812616764197","0.12460278511389","0.28332266511217","0.63774029493231","1.0832241538373","1.5646708702022","2.022723229802","2.7200000286102","3.21","3.9414999485016","4.07","4.1895999908447","4.2"
"12/31/2009","0.031667128481065","0.044335871414952","0.065452828673484","0.13726993858807","0.15840842419311","0.50256324889869","1.1347625706486","1.6549150920821","2.1930559008928","2.7190253403443","3.3466999530792","3.85","4.4920997619629","4.58","4.628399848938","4.63"
"3/31/2010","0.12456295595261","0.12563141983943","0.12669834389287","0.16050713956361","0.19856306813744","0.45769257117043","1.0040999261686","1.5703300314841","2.1331751615685","2.5880769123907","3.2839999198914","3.84","4.4430999755859","4.55","4.6645998954773","4.72"
"4/30/2010","0.11823003871381","0.12774281684247","0.15415722370678","0.17107362568326","0.1964481755823","0.41548702587664","0.94425101332853","1.4820211598095","2.0208480151041","2.4508131132533","3.1361999511719","3.69","4.2554998397827","4.36","4.4794001579285","4.53"
"6/30/2010","0.13300843790118","0.14358081362765","0.11824981599247","0.15205664813697","0.1837682747964","0.30717259694934","0.57094820429185","0.9449068182051","1.4448590399095","1.7973059712585","2.4688000679016","2.97","3.6398000717163","3.74","3.8951001167297","3.91"
"8/31/2010","0.12667458399319","0.10240116722759","0.13092299547274","0.1245935907547","0.15840924989502","0.24816359275743","0.46495506287814","0.6821464512562","1.0213294595876","1.34318548674","1.9455000162125","2.47","3.1085999011993","3.23","3.4572999477387","3.52"
"9/30/2010","0.11822865923284","0.12774231968094","0.10557736904911","0.14360777927098","0.16052155172686","0.29969678306374","0.41461588026755","0.6472405910563","0.96134409372152","1.2824495351045","1.9375","2.53","3.2355000972748","3.38","3.6189000606537","3.69"
"11/30/2010","0.1414543170066","0.13302250593987","0.13725970992764","0.14360608289998","0.16686201091895","0.31724627196769","0.44365065014853","0.71612486273826","1.082660955141","1.4786293269557","2.1477000713348","2.81","3.6005001068115","3.8","4.0500001907349","4.12"
"12/31/2010","0.042223013908713","0.10134617113066","0.10768917078399","0.1309320193592","0.15418185821467","0.35168505753128","0.57492830564305","1.0084032352845","1.5454224500515","2.039580461392","2.6998000144959","3.3","3.9762001037598","4.13","4.3031001091003","4.34"
"1/31/2011","0.12456346636814","0.12140641938178","0.12669887202563","0.13515616817463","0.14361829796406","0.31130940104299","0.53841477031303","0.97030608477987","1.4429690171057","1.9722451594556","2.7040998935699","3.42","4.1349000930786","4.33","4.5223999023438","4.58"
"2/28/2011","0.065446628295491","0.10662577383128","0.11402608545638","0.12670811529942","0.14361829796406","0.31248492508748","0.67422112645952","1.1645157181797","1.6711775885045","2.1687991868296","2.8124001026154","3.42","4.0700001716614","4.25","4.4394001960754","4.49"
"3/31/2011","0.040111852070838","0.068617488222727","0.095018708036015","0.12459486764082","0.14361727993621","0.29900039177788","0.8129518985905","1.3094769110393","1.8186882303766","2.2928542493606","2.8966999053955","3.47","4.1189999580383","4.29","4.4734001159668","4.51"
"5/31/2011","0.03588952443626","0.033779484389077","0.044337245286617","0.054896273531268","0.095027322974312","0.1852061649681","0.45169584551999","0.79594959699256","1.2299011906799","1.719204079569","2.3752999305725","3.05","3.7521998882294","3.91","4.1466999053955","4.22"
"6/30/2011","0.0063333564237514","0.012666869865572","0.031668629502484","0.054896521383983","0.082353631740002","0.1881793585822","0.43943944746734","0.82045757182015","1.2922318803816","1.7712855184322","2.4830000400543","3.18","3.9263999462128","4.09","4.3077001571655","4.38"
"8/31/2011","0.0084444784569513","0.0042222761737525","0.012666983343857","0","0.0380043469129","0.14233649644874","0.20537246722721","0.34011456857018","0.61989541780997","0.97977293869739","1.5656000375748","2.23","3.0223999023438","3.19","3.5216999053955","3.6"
"9/30/2011","0.004222230138722","0.012666914143215","0.019000700659444","0.029557753968011","0.042227530210582","0.1780865848249","0.26156224377405","0.42453556776839","0.66432359079343","0.96849596950519","1.4203000068665","1.92","2.5613000392914","2.66","2.89359998703","2.9"
"10/31/2011","0.004222231311787","0.0073889699260564","0.012666988622014","0.021112210724477","0.04222764753427","0.15983787999523","0.25043725433694","0.40701692636321","0.66761008042496","0.98786057979503","1.5713000297546","2.17","2.8138999938965","2.89","3.1293001174927","3.16"
"11/30/2011","0.0084444784569513","0","0.012666983343857","0.031669223365485","0.0380043469129","0.17553538589787","0.26575555282916","0.41650859114272","0.67400223661978","0.974398268763","1.5082000494003","2.08","2.7044999599457","2.77","3.0190999507904","3.06"
"1/31/2012","0.031667161468578","0.042224560907134","0.048560248177929","0.059119675666619","0.065457409504064","0.15231351963556","0.2225785484129","0.30501441054655","0.48812904140463","0.72511102927854","1.2139999866486","1.83","2.4974000453949","2.59","2.8907001018524","2.94"
"2/29/2012","0.065446487396109","0.061227096497203","0.073899666447525","0.090798792383565","0.10770157247887","0.20493489400986","0.306168299495","0.4531251858565","0.64057554369336","0.8790059188557","1.3761999607086","1.98","2.6373999118805","2.73","3.0265998840332","3.08"
"4/30/2012","0.0633353785603","0.077063296611706","0.088682445687702","0.10558305352978","0.12460278511389","0.18232965087851","0.27107450810778","0.40444159900476","0.6142208471768","0.8300379999346","1.3329999446869","1.95","2.6275999546051","2.73","3.048700094223","3.12"
"5/31/2012","0.023222470574465","0.050670039192197","0.076011307242656","0.10347155779812","0.10347648953518","0.1807922233453","0.27972942584068","0.37580408321418","0.53385764627311","0.67405538745884","1.0649000406265","1.59","2.166100025177","2.27","2.6003000736237","2.67"
"7/31/2012","0.050667933375429","0.068617733530802","0.09712988401975","0.10769508496346","0.11192679282377","0.16855511851192","0.21882461194596","0.28964490022494","0.43411305085919","0.59704465137971","0.99529999494553","1.51","2.104199886322","2.21","2.5046999454498","2.56"
"8/31/2012","0.067557582303362","0.067561414605316","0.092905638717626","0.097134850374261","0.10558873882673","0.19746396429138","0.23772874476464","0.29795892877478","0.42795905586313","0.60015472898655","1.0211000442505","1.57","2.1835999488831","2.29","2.5985999107361","2.68"
"10/31/2012","0.073891493081615","0.088676538860474","0.088682186954813","0.11403164670982","0.13094048075924","0.21870454042854","0.29163214059912","0.38074032051367","0.55247313681125","0.73298758985028","1.1509000062943","1.72","2.3373000621796","2.46","2.7674000263214","2.85"
"11/30/2012","0.09289272076629","0.052781655901756","0.06756441438824","0.10135918212226","0.10558873882673","0.21057253294608","0.26219807073679","0.3478914442512","0.46837445851886","0.62454534874789","1.0463000535965","1.62","2.2509999275208","2.37","2.7146999835968","2.81"
"12/31/2012","0.021111338352081","0.036946102613609","0.071788117757296","0.071790491427845","0.09925235249594","0.19639749688993","0.25271110388676","0.3690661968395","0.54186153783834","0.72494209881753","1.1766999959946","1.78","2.4165999889374","2.54","2.8515999317169","2.95"
"1/31/2013","0.027444791317391","0.054892780008144","0.067564489476317","0.071790915319591","0.092914726740102","0.14253880438849","0.26880755234041","0.4229064339024","0.65206738926389","0.88620028857785","1.3808000087738","2.02","2.657900094986","2.79","3.0601999759674","3.17"
"2/28/2013","0.059112720305288","0.084453663494195","0.092906916577577","0.09713500558374","0.10347648953518","0.16030878802329","0.24619747765032","0.35622715023029","0.55710312026227","0.76661539564443","1.2560000419617","1.89","2.5764000415802","2.71","3.0125000476837","3.1"
"4/30/2013","0.01266674583391","0.033779573797429","0.033780048598593","0.06334316522916","0.065457409504064","0.10634769963962","0.21927923590231","0.32298927212351","0.48024590295594","0.6786839615873","1.1038000583649","1.7","2.350800037384","2.49","2.809700012207","2.88"
"5/31/2013","0.012666759028756","0.025334207143036","0.03377999229237","0.050673127765069","0.054897909414506","0.13410194375016","0.3077845397935","0.5176096092653","0.76729445425061","1.0263450075548","1.550400018692","2.16","2.8008000850677","2.95","3.2074999809265","3.3"
"7/31/2013","0.019000172189638","0.025334203185361","0.016889456568625","0.04856129545706","0.057009781300044","0.15302376125992","0.31746350069054","0.62071492144958","1.027777911816","1.4013231816446","1.996199965477","2.6","3.2046000957489","3.34","3.5439999103546","3.64"
"9/30/2013","0.016889034322573","0.010555705535555","0.0042222579942145","0.008444620375261","0.025335286311839","0.1202405660074","0.3202764415129","0.64815448113574","1.0554737385515","1.3924233882687","2.0265998840332","2.64","3.2395000457764","3.41","3.615700006485","3.69"
"10/31/2013","0.023222479444451","0.029556611604056","0.050671691775552","0.042226738298284","0.069681199110398","0.12971525516192","0.30504328717376","0.61097848348616","1.0004992188759","1.3372001124554","1.945799946785","2.57","3.1712999343872","3.33","3.5443000793457","3.63"
"12/31/2013","0.01266674583391","0.035891478186278","0.0506717762425","0.048561334246335","0.0739054161932","0.16853829203879","0.39204347663394","0.80404912138958","1.3223186188677","1.7541099571322","2.4384999275208","3.04","3.5673999786377","3.72","3.8768000602722","3.96"
"1/31/2014","0.021111309030345","0.012666867226625","0.021111976127481","0.03800363421338","0.046450867218035","0.095344643432196","0.33173427698142","0.71667069120878","1.1403420081707","1.5074072288871","2.1277000904083","2.67","3.2091000080109","3.35","3.5313000679016","3.61"
"2/28/2014","0.02533369222914","0.035890653846996","0.042225887769934","0.035892130494508","0.059121515465913","0.11816457778635","0.31965185855707","0.71261760704467","1.1470219976503","1.5253029158095","2.1261999607086","2.66","3.1761000156403","3.31","3.5130999088287","3.59"
"3/31/2014","0.014777889125298","0.023223103407172","0.031668678989918","0.046449767016893","0.052786255191001","0.12597478766886","0.42082803180232","0.90097501535728","1.3682931353071","1.7398818837994","2.2904000282288","2.73","3.1721000671387","3.31","3.4893999099731","3.56"
"4/30/2014","0.014777881941689","0.016889412000584","0.021111990789588","0.027446364781795","0.035892766195012","0.10144095376035","0.41200224519242","0.87361234662245","1.3336474313354","1.6914457711162","2.2362999916077","2.67","3.0889000892639","3.22","3.3898999691009","3.47"
"6/30/2014","0.01266674847306","0.023223035923785","0.029557308502797","0.038003586701333","0.052785980190891","0.11756233495026","0.45807529189691","0.89526085696863","1.3168692610848","1.6499954619408","2.1180000305176","2.53","2.947900056839","3.08","3.2644999027252","3.34"
"7/31/2014","0.0021111131635891","0.012666957614581","0.025334600084486","0.042226562323178","0.040115928001086","0.14377008939754","0.53064567273735","1.0388136369515","1.5039993935087","1.7763122190562","2.2253999710083","2.58","2.9532999992371","3.07","3.2481999397278","3.32"
"9/30/2014","0.01266674583391","0.0084445300629288","0.012666985982991","0.012667059877382","0.035892787385567","0.13425163573605","0.58881678498419","1.0962590209772","1.5223729984388","1.7812844362613","2.2098999023438","2.52","2.8699998855591","2.98","3.1438000202179","3.21"
"10/31/2014","-0.006333314861247","0.010555682224217","0.012666978065766","0.029557753968011","0.046451115660175","0.1317969075507","0.50979193337299","0.96981719034357","1.3756999042472","1.6299580837117","2.0573000907898","2.35","2.7155001163483","2.81","3.0048999786377","3.07"
"12/31/2014","0.010555608700178","0.023223160700445","0.046448950783509","0.044338344678818","0.10136425257447","0.26035800433447","0.68408175403492","1.1093016141571","1.4743283095638","1.6552277507569","1.9776999950409","2.17","2.4151000976562","2.47","2.6774001121521","2.75"
"3/31/2015","0.012666764306635","0.019000529192509","0.031668662494128","0.057007963670783","0.10981426455826","0.25887724814985","0.56634353411903","0.90149492947983","1.1882894621779","1.3759140224954","1.7122999429703","1.94","2.2437999248505","2.31","2.5090999603272","2.54"
"4/30/2015","-0.0042222119599565","2.2577190400205E-8","0.01688944718511","0.023223588247578","0.035892745004543","0.22830415656568","0.58570734438223","0.92191316382079","1.2259255332775","1.4388950958464","1.7943999767304","2.05","2.3952000141144","2.49","2.7046000957489","2.75"
"6/30/2015","-0.037999287517721","0.005278087894202","0.0021111199807182","0.019000890680678","0.095027322974312","0.34362584955656","0.64653253811983","1.0279995827685","1.3891665302498","1.6648951343158","2.0596001148224","2.35","2.7067000865936","2.83","3.0666000843048","3.11"
"7/31/2015","0.021111309030345","0.039057944635792","0.046448666885257","0.12248218814606","0.12248909884925","0.36446558665488","0.6719047980557","0.99359876911708","1.3227536666532","1.5525374832921","1.9253000020981","2.2","2.4956998825073","2.61","2.8564999103546","2.92"
"8/31/2015","-0.0063333128818813","0.0063333906200247","0.1034659222947","0.1245938461291","0.19010576595035","0.44216099496802","0.76005873092542","1.0943768477001","1.3929646048548","1.5797962219624","1.9437999725342","2.21","2.5610001087189","2.64","2.8949000835419","2.95"
"9/30/2015","-0.012666590139501","-0.012666416859564","0.0084445851882899","0.016889583247954","0.059121630458468","0.38970563111213","0.63423459462497","0.91317613487669","1.1925934331843","1.3786724258612","1.7542999982834","2.06","2.4209001064301","2.51","2.8038001060486","2.87"
"11/30/2015","0.10133856924967","0.093959165687324","0.1752838587655","0.22812834626873","0.34870305296007","0.71823543233961","0.94494982221886","1.2251904306662","1.4938859879128","1.6767663517069","1.9966000318527","2.21","2.5429999828339","2.63","2.8968000411987","2.98"
"12/31/2015","0.1013380625165","0.11296360215097","0.23232783445538","0.35710057992355","0.39947731590209","0.70902428311819","1.063172224984","1.3266309721307","1.6043886944378","1.776803242995","2.0806999206543","2.27","2.582799911499","2.67","2.9205000400543","3.01"
"2/29/2016","0.18579537728455","0.23862949661016","0.27670913833122","0.34863302573843","0.40583406804433","0.63299156505122","0.78346756574086","0.90783295850364","1.1341527559155","1.2502125567972","1.5298999547958","1.74","2.1003999710083","2.19","2.4911999702454","2.61"
"3/31/2016","0.13934227465387","0.1478071935019","0.24289321251231","0.2915485248061","0.31696722020414","0.58523267808067","0.73539568823346","0.86674240432128","1.0722489631559","1.2210186137786","1.527899980545","1.78","2.1177000999451","2.2","2.5035998821259","2.61"
"5/31/2016","0.19001781472693","0.23652186603011","0.28304827105549","0.32959941915424","0.40794767359653","0.69199129378049","0.88071758676862","1.0306351917742","1.2606093771844","1.3907512023867","1.6478999853134","1.84","2.1322999000549","2.23","2.5257999897003","2.64"
"6/30/2016","0.14356504700962","0.21011249031838","0.20697270978019","0.22813177147381","0.29370250915018","0.50985244744292","0.58985840486166","0.69769806281981","0.8907185058672","1.0118033807848","1.272500038147","1.49","1.7639000415802","1.86","2.183000087738","2.3"
"8/31/2016","0.22591323034503","0.2333526013888","0.28727393043808","0.33382667769036","0.3804352889423","0.67631962882561","0.81959553855545","0.93996143293613","1.1286522898591","1.2215037098385","1.4213999509811","1.58","1.817999958992","1.9","2.1593000888824","2.23"
"9/30/2016","0.15412165905277","0.1837159075286","0.21964916380441","0.3063471547941","0.36350419078226","0.66380014793965","0.78295375679036","0.89665173920187","1.0684441060217","1.1752242001661","1.4013999700546","1.6","1.8923000097275","1.99","2.2537999153137","2.32"
"10/31/2016","0.13512041962062","0.23123380517761","0.27882260404855","0.32960120690233","0.42276559146478","0.69740643952617","0.85996484078313","1.0005705509947","1.2058188136905","1.33528901803","1.6074999570847","1.84","2.1468000411987","2.25","2.5102999210358","2.58"
"11/30/2016","0.30404408852393","0.36222695290436","0.41623063842894","0.47769237349173","0.50532335182262","0.88971567826508","1.115352664654","1.4016091137108","1.7217811234954","1.8790656145155","2.1875998973846","2.37","2.6521000862122","2.73","2.9619998931885","3.02"
"1/31/2017","0.3927427654927","0.41188222216141","0.42680676960829","0.4565103405492","0.53074044584115","0.82738927219001","1.215719593867","1.4837759266098","1.7560027984143","1.9302884308558","2.2393000125885","2.45","2.7128000259399","2.78","3.0043001174927","3.05"
"2/28/2017","0.35726297129869","0.48164233226545","0.49871687745576","0.56660069170011","0.61759732437798","0.89906134704031","1.2594017495173","1.5335468327487","1.7945173108553","1.953222271342","2.1877000331879","2.36","2.6201000213623","2.7","2.9245998859405","2.97"
"3/31/2017","0.5744066903419","0.60318428521831","0.65109299531998","0.6957723448912","0.74900094292273","1.0164744936823","1.2564567815183","1.5107372957292","1.7791735049336","1.9362376210523","2.2200999259949","2.4","2.6568999290466","2.76","2.9793999195099","3.02"
"5/31/2017","0.71591107371084","0.78084858247179","0.80773076577028","0.84194541086634","0.88691898616488","1.1954342310423","1.2764952949977","1.4459595594514","1.6326212162153","1.7625548631814","2.0183999538422","2.21","2.4835999011993","2.6","2.8157000541687","2.87"
"6/30/2017","0.71384043562008","0.80938893325371","0.86277641291735","0.87592790942163","0.9442046277564","1.2641550908289","1.3742497406974","1.5553847766219","1.7517955965704","1.8970515479606","2.1250998973846","2.31","2.5271999835968","2.61","2.7946000099182","2.84"
"7/31/2017","0.8110019270007","0.85695398715284","0.8903666056874","0.89709365445715","0.92303199519562","1.245898461291","1.3449603372612","1.5126733127082","1.7086958399513","1.8432374634902","2.0899999141693","2.3","2.5515999794006","2.66","2.8424999713898","2.89"
"8/31/2017","0.75519592021967","0.84424165268609","0.84160701658824","0.88230214884224","0.89539564291058","1.241880200223","1.3218179260126","1.4326864491549","1.5988480999382","1.7133785800094","1.9298000335693","2.12","2.3605000972748","2.47","2.6638998985291","2.73"
"10/31/2017","0.8363450397848","0.9098857241395","0.97299276852734","1.0158581411663","1.0631913257896","1.4795688431574","1.5980720888791","1.7404515334649","1.8925996106194","2.0239431519864","2.2056999206543","2.38","2.5629999637604","2.66","2.8199999332428","2.88"
"11/30/2017","0.93773818191843","0.99878835936416","1.0683419012257","1.1008415738966","1.1949306767175","1.6360119580057","1.7745532681278","1.900783476474","2.0364714432041","2.1378122342142","2.2962999343872","2.42","2.5850999355316","2.65","2.7915000915527","2.83"
"1/31/2018","1.1406203247763","1.1564571404843","1.2358986876139","1.2918315555666","1.3715352291749","1.8754280317536","2.1304746884308","2.2938364270306","2.4243370425557","2.5133389520818","2.6401000022888","2.72","2.7957999706268","2.83","2.9117999076843","2.95"
"2/28/2018","1.2505233768697","1.3301861571733","1.4014247161035","1.479118993909","1.479118993909","2.0460327401064","2.2505208921258","2.4096859077802","2.5575439576972","2.6388325171109","2.7876999378204","2.87","2.9779000282288","3.02","3.1006999015808","3.13"
"4/30/2018","1.373183197882","1.469978104699","1.515099022405","1.6193410979459","1.6631832382076","2.2440970245737","2.4794283453548","2.6328229245407","2.7286886388841","2.7909926306186","2.8835000991821","2.95","3.0027000904083","3.01","3.0820000171661","3.11"
"5/31/2018","1.4470750369669","1.5414594548707","1.5925089759571","1.6617698660278","1.7252122286712","2.2594718398858","2.4160298869602","2.5516427962362","2.6416405210649","2.6891743998838","2.7725999355316","2.83","2.8903000354767","2.91","2.974100112915","3"
"7/31/2018","1.5116307184406","1.6149420865955","1.6988418333573","1.7768256954335","1.829873902313","2.4378047679303","2.6605692830197","2.7522616477297","2.7982272299091","2.8346033579978","2.9031000137329","2.96","3.0204999446869","3.03","3.0685999393463","3.08"
"8/31/2018","1.6077028240037","1.7145860229127","1.7858420168153","1.8494698495254","1.8745330130543","2.4575893581361","2.6036333945696","2.6752229795473","2.7173202914219","2.7272029285973","2.8038001060486","2.86","2.9353001117706","2.95","3.0051999092102","3.02"
"10/31/2018","1.8234739344724","1.8959951502774","1.9411961382876","1.994092605171","2.0626415081762","2.686908409233","2.8487544549571","2.9103884512251","2.9417735675086","2.960753643031","3.0668001174927","3.15","3.2683999538422","3.3","3.3724999427795","3.39"
"11/30/2018","1.8593121324668","1.9469610661896","1.9942542949556","2.0712022860621","2.0902868284719","2.6802477487713","2.7642105565601","2.7725193011957","2.7988810351225","2.8058870697283","2.9175000190735","3.01","3.1466000080109","3.19","3.2765998840332","3.3"
"12/31/2018","1.8806911407596","1.9743267416217","2.0392102885013","2.0752555399856","2.0601535151375","2.602623024622","2.45828934272","2.4409156301656","2.4734045575794","2.4997688263718","2.5978999137878","2.69","2.8199999332428","2.87","2.9867000579834","3.02"
"1/31/2019","1.9926051680615","1.9934517391277","2.0113416976119","2.0174755416287","2.0369251186039","2.5320186556823","2.4434246246909","2.4152958977041","2.4217833667886","2.4252407756115","2.5169999599457","2.63","2.7688000202179","2.83","2.9586999416351","2.99"
"2/28/2019","1.9693405363534","2.0244569970529","2.0262367193856","2.0371419816129","2.0647086006989","2.5256434777771","2.5012237559242","2.4821056687594","2.4952003135613","2.5062544569924","2.6259000301361","2.73","2.8738000392914","2.94","3.0620999336243","3.09"
"4/30/2019","2.0075428424551","2.008448631553","1.9987069737309","2.006949700246","2.0199646435449","2.3569778217977","2.2524208211409","2.2282886731923","2.2475974308571","2.2706187252763","2.3926999568939","2.51","2.6710999011993","2.75","2.8870000839233","2.93"
"5/31/2019","1.886802270677","1.9448338516214","1.9495803255972","1.934722275129","1.9407871968284","2.2048595796663","1.9171019262726","1.8745229925954","1.8909844803225","1.90047716291","2.0445001125336","2.14","2.3029999732971","2.39","2.5399000644684","2.58"
"7/31/2019","1.5676159850008","1.6775614252844","1.6988418333573","1.7171576275148","1.7167289696598","2.0393438542769","1.8676222291309","1.8176431560023","1.8251130994559","1.8241226506733","1.9148999452591","2.02","2.196799993515","2.31","2.4881000518799","2.53"
"9/30/2019","1.5000355624924","1.5005558232344","1.5034151657376","1.5002054993971","1.5249428472697","1.7856870177968","1.6266184146368","1.5549617025398","1.5512651931564","1.545380947443","1.6096999645233","1.68","1.8445999622345","1.94","2.0968999862671","2.12"
"10/31/2019","1.2420688868471","1.2792001348627","1.2825474659235","1.2686232906074","1.2842578079741","1.5098682785321","1.5387932916083","1.5085920272792","1.5162974746802","1.5228959681857","1.590399980545","1.69","1.8949999809265","2","2.1596999168396","2.17"
"12/31/2019","1.1786852436151","1.2655003297025","1.2868455371308","1.2961081474122","1.3119731339489","1.5685913026783","1.5755550205098","1.6059368015357","1.6623880164629","1.6894964928058","1.8164000511169","1.92","2.141900062561","2.25","2.3789000511169","2.39"
"1/31/2020","1.2399046825026","1.2866791012152","1.2825203666174","1.287719381899","1.2672129539287","1.438182000874","1.3170155786492","1.2896670640616","1.2949156740586","1.3103825637065","1.4020999670029","1.51","1.7194999456406","1.83","1.9970999956131","1.99"
"3/31/2020","0.0033777834074055","0.064395470052323","0.084458638983169","0.088685938778222","0.12671524705379","0.15944969728381","0.25164727799362","0.3025001954322","0.34601261266803","0.39543560026941","0.58689999580383","0.7","1.0392999649048","1.15","1.377799987793","1.35"
"4/30/2020","0.044334238496909","0.078119117931136","0.084458404310996","0.088686585687097","0.088690208609373","0.15641939056625","0.20694129007358","0.25555592301765","0.32064326141372","0.37291807221486","0.52120000123978","0.64","0.93519997596741","1.05","1.2882000207901","1.28"
"6/30/2020","0.097115764649184","0.11084896182688","0.12458644083713","0.13093117329936","0.13305356124647","0.17386790321279","0.15706050357837","0.17563273287464","0.21072718880008","0.29483965179674","0.46619999408722","0.66","0.9718000292778","1.18","1.39359998703","1.41"
"7/31/2020","0.080225080274592","0.073895791653934","0.078123055324473","0.08023842144378","0.078129280290124","0.12547567084827","0.11084351131663","0.12223467219286","0.1750262023807","0.21813611617999","0.3686999976635","0.55","0.79909998178482","0.98","1.1747000217438","1.2"
"8/31/2020","0.076002945152169","0.082341617531022","0.086570592054716","0.088686068158961","0.095027471525984","0.13792522409501","0.13418210895814","0.15408129052698","0.21418999964976","0.276063975483","0.4772000014782","0.72","1.0506000518799","1.26","1.4517999887466","1.49"
"9/30/2020","0.071780235281879","0.078118736208889","0.078123155716665","0.076014728805038","0.086578112916892","0.12625367862243","0.12642007084239","0.16396709831187","0.21081656293711","0.2835499333958","0.45339998602867","0.69","0.99809998273849","1.23","1.4126000404358","1.46"
"11/30/2020","0.059112892725855","0.065449919177148","0.071788117757296","0.071790491427845","0.07812968194624","0.11616001563523","0.14786980905921","0.18505036732773","0.28135219431469","0.37335795452366","0.5902","0.84","1.1456","1.37","1.508","1.58"
"12/31/2020","0.038000665015611","0.069672701120273","0.076011307242656","0.071790830540752","0.067569220474683","0.10419054055987","0.12432961100501","0.15737113203465","0.26484959220026","0.37251681784431","0.6219","0.93","1.2445","1.45","1.5787","1.65"
